"","p4","p26","p3_1","p3_4","p8_1","p5","p32"
"1",0,0,2,2,0,0,3
"2",0,0,2,2,0,0,5
"3",0,15,2,2,0,0,0
"4",0,0,2,2,0,0,5
"5",0,0,2,2,0,0,2
"6",0,10,2,2,0,0,0
"7",1,60,1,2,2,4,0
"8",0,15,2,2,0,0,0
"9",0,0,2,2,0,0,1
"10",0,20,2,2,0,0,0
"11",0,0,2,2,0,0,3
"12",1,30,1,2,2,4,0
"13",5,40,1,2,1,4,0
"14",0,0,2,2,0,0,3
"15",5,40,1,2,2,4,0
"16",4,30,1,2,2,4,0
"17",0,0,2,2,0,0,3
"18",0,0,2,2,0,0,3
"19",1,30,1,2,1,5,0
"20",0,0,2,2,0,0,3
"21",0,10,2,2,0,0,0
"22",0,0,2,2,0,0,3
"23",0,0,2,2,0,0,3
"24",0,0,2,2,0,0,3
"25",2,30,1,2,1,4,0
"26",4,40,1,2,2,1,0
"27",0,10,2,2,0,0,0
"28",0,10,2,2,0,0,0
"29",0,10,2,2,0,0,0
"30",0,0,2,2,0,0,3
"31",2,30,1,2,1,4,0
"32",4,45,1,2,1,2,0
"33",3,30,1,2,1,4,0
"34",0,0,2,2,0,0,2
"35",0,0,2,2,0,0,2
"36",0,15,2,2,0,0,0
"37",0,0,2,2,0,0,3
"38",0,15,2,2,0,0,0
"39",0,0,2,2,0,0,3
"40",0,0,2,2,0,0,3
"41",3,30,1,2,1,2,0
"42",0,0,2,2,0,0,5
"43",0,15,2,2,0,0,0
"44",0,0,2,2,0,0,3
"45",0,20,2,2,0,0,0
"46",0,15,2,2,0,0,0
"47",4,60,1,2,2,3,0
"48",2,40,1,2,2,3,0
"49",4,120,1,2,2,3,0
"50",1,30,1,2,2,5,0
"51",1,30,1,2,2,4,0
"52",0,0,2,2,0,0,1
"53",2,20,1,1,2,4,0
"54",0,5,2,2,0,0,0
"55",2,20,1,2,2,2,0
"56",0,10,2,2,0,0,0
"57",0,20,2,2,0,0,0
"58",0,30,2,2,0,0,0
"59",0,60,2,2,0,0,0
"60",4,60,1,2,2,4,0
"61",0,20,2,2,0,0,0
"62",0,0,2,2,0,0,3
"63",0,60,2,2,0,0,0
"64",0,0,2,2,0,0,3
"65",0,15,2,2,0,0,0
"66",4,30,1,2,2,3,0
"67",12,30,1,2,2,4,0
"68",2,30,1,2,2,3,0
"69",0,40,2,2,0,0,0
"70",0,0,2,2,0,0,1
"71",0,0,2,2,0,0,5
"72",0,0,2,2,0,0,1
"73",0,0,2,2,0,0,5
"74",1,15,1,2,1,5,0
"75",0,0,2,2,0,0,1
"76",0,0,2,2,0,0,1
"77",3,15,1,2,2,6,0
"78",2,90,1,2,1,4,0
"79",0,0,2,2,0,0,1
"80",0,20,2,2,0,0,0
"81",0,30,2,2,0,0,0
"82",3,80,1,2,1,1,0
"83",1,10,1,2,2,6,0
"84",5,30,1,2,2,3,0
"85",2,15,1,2,2,3,0
"86",0,30,2,2,0,0,0
"87",2,20,1,2,1,1,0
"88",0,0,2,2,0,0,5
"89",3,30,1,2,2,4,0
"90",0,15,2,2,0,0,0
"91",0,0,2,2,0,0,5
"92",0,0,2,2,0,0,3
"93",0,20,2,2,0,0,0
"94",0,0,2,2,0,0,3
"95",0,25,2,2,0,0,0
"96",2,40,1,2,2,4,0
"97",5,40,1,2,2,2,0
"98",0,25,2,2,0,0,0
"99",0,0,2,2,0,0,5
"100",3,60,1,2,2,3,0
"101",2,25,1,2,2,1,0
"102",1,20,1,2,2,3,0
"103",0,20,2,2,0,0,0
"104",0,20,2,2,0,0,0
"105",0,15,2,2,0,0,0
"106",3,60,1,2,1,2,0
"107",0,0,2,2,0,0,3
"108",3,60,1,2,2,4,0
"109",0,30,2,2,0,0,0
"110",5,80,1,2,2,3,0
"111",0,25,2,2,0,0,0
"112",0,30,2,2,0,0,0
"113",3,15,1,2,2,2,0
"114",0,0,2,2,0,0,5
"115",0,25,2,2,0,0,0
"116",2,60,1,2,2,1,0
"117",4,40,1,2,2,4,0
"118",6,60,1,2,2,4,0
"119",0,25,2,2,0,0,0
"120",5,60,1,2,2,3,0
"121",1,60,1,2,2,5,0
"122",1,30,1,2,2,4,0
"123",0,10,2,2,0,0,0
"124",3,120,1,2,2,4,0
"125",0,20,2,2,0,0,0
"126",0,40,2,2,0,0,0
"127",0,0,2,2,0,0,5
"128",0,0,0,0,0,0,0
"129",0,0,2,2,0,0,3
"130",1,60,1,2,2,1,0
"131",0,30,2,2,0,0,0
"132",0,30,2,2,0,0,0
"133",0,30,2,2,0,0,0
"134",4,60,1,2,2,1,0
"135",0,20,2,2,0,0,0
"136",2,60,1,2,2,3,0
"137",5,30,1,2,2,4,0
"138",3,60,1,1,2,4,0
"139",10,120,1,2,1,4,0
"140",3,60,1,2,2,4,0
"141",0,30,2,2,0,0,0
"142",0,20,2,2,0,0,0
"143",5,20,1,2,2,5,0
"144",0,30,2,2,0,0,0
"145",0,0,2,2,0,0,1
"146",0,15,2,2,0,0,0
"147",0,0,2,2,0,0,5
"148",1,30,1,2,2,5,0
"149",8,30,1,2,2,4,0
"150",0,60,2,2,0,0,0
"151",0,10,2,2,0,0,0
"152",0,15,2,2,0,0,0
"153",0,30,2,2,0,0,0
"154",0,0,2,2,0,0,3
"155",1,60,1,2,2,5,0
"156",6,30,1,1,2,4,0
"157",3,60,1,2,2,4,0
"158",1,30,1,2,2,5,0
"159",0,20,2,2,0,0,0
"160",0,0,2,2,0,0,3
"161",0,0,2,2,0,0,2
"162",1,30,1,1,1,4,0
"163",0,6,2,2,0,0,0
"164",0,0,2,2,0,0,1
"165",6,30,1,2,2,3,0
"166",0,0,2,2,0,0,3
"167",0,15,2,2,0,0,0
"168",0,0,2,2,0,0,1
"169",1,20,1,2,2,4,0
"170",2,20,1,2,2,4,0
"171",0,10,2,2,0,0,0
"172",0,60,2,2,0,0,0
"173",3,60,1,2,1,1,0
"174",0,0,2,2,0,0,3
"175",0,30,2,2,0,0,0
"176",0,30,2,2,0,0,0
"177",1,5,1,2,2,5,0
"178",0,0,2,2,0,0,1
"179",0,30,2,2,0,0,0
"180",2,20,1,2,2,3,0
"181",1,15,1,2,2,5,0
"182",0,5,2,2,0,0,0
"183",1,20,1,2,2,4,0
"184",0,5,2,2,0,0,0
"185",0,0,2,2,0,0,1
"186",0,60,2,2,0,0,0
"187",1,20,1,2,2,4,0
"188",0,5,2,2,0,0,0
"189",0,0,2,2,0,0,3
"190",1,60,1,2,2,3,0
"191",0,20,2,2,0,0,0
"192",0,15,2,1,0,0,0
"193",1,20,1,1,2,4,0
"194",0,0,2,2,0,0,1
"195",0,45,2,2,0,0,0
"196",0,0,2,2,0,0,3
"197",3,120,1,2,2,3,0
"198",2,90,1,2,1,1,0
"199",0,0,0,0,0,0,0
"200",0,45,2,2,0,0,0
"201",0,0,2,2,0,0,1
"202",7,120,1,2,1,2,0
"203",0,20,2,2,0,0,0
"204",2,45,1,2,2,3,0
"205",0,0,2,2,0,0,1
"206",0,0,2,2,0,0,5
"207",0,60,2,2,0,0,0
"208",1,40,1,2,2,4,0
"209",4,120,1,2,1,3,0
"210",1,45,1,2,2,5,0
"211",0,0,2,2,0,0,5
"212",2,60,1,2,1,1,0
"213",0,0,2,2,0,0,2
"214",14,120,1,2,2,4,0
"215",0,0,2,2,0,0,5
"216",0,0,2,2,0,0,1
"217",0,0,2,2,0,0,1
"218",0,45,2,2,0,0,0
"219",2,60,1,2,2,4,0
"220",0,50,2,2,0,0,0
"221",0,0,2,2,0,0,5
"222",0,0,2,2,0,0,2
"223",6,60,1,2,1,4,0
"224",0,60,2,2,0,0,0
"225",7,60,1,2,1,3,0
"226",0,60,2,2,0,0,0
"227",3,120,1,2,2,4,0
"228",0,0,2,2,0,0,5
"229",0,0,2,2,0,0,2
"230",0,0,2,2,0,0,1
"231",0,0,2,2,0,0,1
"232",0,45,2,2,0,0,0
"233",0,0,2,2,0,0,1
"234",0,120,2,2,0,0,0
"235",1,30,1,2,2,5,0
"236",0,45,2,2,0,0,0
"237",0,60,2,2,0,0,0
"238",0,60,2,2,0,0,0
"239",0,0,2,2,0,0,3
"240",5,10,1,1,1,2,0
"241",0,10,2,2,0,0,0
"242",4,60,1,2,2,4,0
"243",1,60,1,2,2,5,0
"244",1,30,1,2,2,4,0
"245",1,15,1,2,2,5,0
"246",10,20,1,2,1,3,0
"247",3,120,1,2,2,3,0
"248",2,30,1,2,1,4,0
"249",0,0,2,2,0,0,1
"250",0,0,2,2,0,0,3
"251",2,45,1,2,2,3,0
"252",0,10,2,2,0,0,0
"253",0,0,2,2,0,0,1
"254",0,30,2,2,0,0,0
"255",8,60,1,2,1,1,0
"256",6,60,1,1,2,4,0
"257",1,20,1,2,2,3,0
"258",2,15,1,2,2,4,0
"259",0,20,2,2,0,0,0
"260",0,0,0,0,0,0,0
"261",4,60,1,2,1,1,0
"262",8,30,1,1,2,3,0
"263",0,3,2,2,0,0,0
"264",1,30,1,1,2,2,0
"265",1,40,1,2,2,3,0
"266",0,60,2,2,0,0,0
"267",0,10,2,2,0,0,0
"268",0,30,2,2,0,0,0
"269",0,0,0,0,0,0,0
"270",0,60,2,2,0,0,0
"271",0,10,2,2,0,0,0
"272",2,30,1,2,1,1,0
"273",1,30,1,1,2,3,0
"274",2,10,1,2,2,3,0
"275",1,20,1,2,2,3,0
"276",2,60,1,2,2,4,0
"277",0,5,2,2,0,0,0
"278",0,5,2,2,0,0,0
"279",0,15,2,2,0,0,0
"280",0,30,2,2,0,0,0
"281",3,60,1,2,2,4,0
"282",2,30,1,1,2,4,0
"283",0,0,2,2,0,0,1
"284",1,30,1,2,2,4,0
"285",5,60,1,2,2,4,0
"286",1,60,1,2,2,4,0
"287",2,120,1,2,1,2,0
"288",0,30,2,2,0,0,0
"289",4,30,1,2,2,2,0
"290",0,0,2,2,0,0,1
"291",0,0,2,2,0,0,1
"292",4,90,1,2,2,4,0
"293",0,20,2,2,0,0,0
"294",0,20,2,2,0,0,0
"295",0,0,2,2,0,0,1
"296",0,15,2,2,0,0,0
"297",1,60,1,2,2,4,0
"298",3,60,1,2,1,1,0
"299",0,10,2,2,0,0,0
"300",1,30,1,2,2,4,0
"301",6,60,1,2,1,4,0
"302",1,30,1,2,2,4,0
"303",6,60,1,2,2,3,0
"304",0,15,2,2,0,0,0
"305",1,15,1,2,2,4,0
"306",2,20,1,2,2,4,0
"307",0,10,2,2,0,0,0
"308",0,30,2,2,0,0,0
"309",1,20,1,2,2,3,0
"310",0,0,2,2,0,0,3
"311",0,0,2,2,0,0,1
"312",1,30,1,1,2,4,0
"313",0,10,2,2,0,0,0
"314",0,30,2,2,0,0,0
"315",0,0,0,0,0,0,0
"316",2,60,1,2,1,2,0
"317",0,0,2,2,0,0,3
"318",0,0,2,2,0,0,5
"319",3,120,1,2,1,2,0
"320",0,15,2,2,0,0,0
"321",0,0,2,2,0,0,1
"322",0,20,2,2,0,0,0
"323",0,0,2,2,0,0,3
"324",1,30,1,2,2,4,0
"325",0,20,2,2,0,0,0
"326",0,15,2,2,0,0,0
"327",0,20,2,2,0,0,0
"328",4,90,1,2,2,3,0
"329",0,0,2,2,0,0,1
"330",0,30,2,2,0,0,0
"331",4,120,1,2,2,2,0
"332",0,0,2,2,0,0,1
"333",0,0,2,2,0,0,3
"334",3,120,1,2,2,4,0
"335",6,40,1,2,2,3,0
"336",7,60,1,2,2,4,0
"337",2,40,1,2,1,3,0
"338",0,20,2,2,0,0,0
"339",2,60,1,2,2,4,0
"340",0,30,2,2,0,0,0
"341",3,60,1,2,2,3,0
"342",0,35,2,2,0,0,0
"343",2,45,1,2,2,2,0
"344",0,0,2,2,0,0,3
"345",0,30,2,2,0,0,0
"346",0,35,2,2,0,0,0
"347",0,0,2,2,0,0,1
"348",0,20,2,2,0,0,0
"349",5,90,1,2,2,1,0
"350",1,30,1,2,2,4,0
"351",1,30,1,2,2,3,0
"352",0,0,2,2,0,0,5
"353",0,30,2,2,0,0,0
"354",2,120,1,2,2,4,0
"355",0,30,2,2,0,0,0
"356",1,120,1,2,2,4,0
"357",2,45,1,2,2,3,0
"358",0,0,2,2,0,0,1
"359",0,50,2,2,0,0,0
"360",0,25,2,2,0,0,0
"361",0,50,2,2,0,0,0
"362",0,30,2,2,0,0,0
"363",0,30,2,2,0,0,0
"364",0,20,2,2,0,0,0
"365",0,0,0,0,0,0,0
"366",0,0,2,2,0,0,3
"367",0,40,2,2,0,0,0
"368",0,60,2,2,0,0,0
"369",0,0,2,2,0,0,1
"370",0,15,2,2,0,0,0
"371",0,30,2,2,0,0,0
"372",2,60,1,2,2,3,0
"373",0,30,2,2,0,0,0
"374",35,120,1,2,1,1,0
"375",0,10,2,2,0,0,0
"376",0,15,2,2,0,0,0
"377",0,0,2,2,0,0,3
"378",0,30,2,2,0,0,0
"379",0,0,2,2,0,0,5
"380",0,60,2,2,0,0,0
"381",40,150,1,2,1,1,0
"382",0,0,2,2,0,0,5
"383",0,20,2,2,0,0,0
"384",0,0,2,2,0,0,3
"385",0,0,2,2,0,0,3
"386",0,0,2,2,0,0,5
"387",0,0,2,2,0,0,2
"388",0,0,2,2,0,0,5
"389",18,120,1,2,2,4,0
"390",10,120,1,2,2,2,0
"391",0,0,2,2,0,0,1
"392",0,0,2,2,0,0,3
"393",0,20,2,2,0,0,0
"394",12,60,1,2,2,3,0
"395",0,10,2,2,0,0,0
"396",6,60,1,2,1,1,0
"397",0,0,2,2,0,0,3
"398",2,40,1,2,2,4,0
"399",2,60,1,2,1,4,0
"400",3,60,1,2,1,4,0
"401",0,0,2,2,0,0,5
"402",0,0,2,2,0,0,3
"403",0,0,2,2,0,0,1
"404",0,20,2,2,0,0,0
"405",1,60,1,2,2,2,0
"406",0,0,2,2,0,0,3
"407",0,30,2,2,0,0,0
"408",0,0,2,2,0,0,3
"409",0,0,2,2,0,0,3
"410",0,15,2,1,0,0,0
"411",15,60,1,2,1,2,0
"412",0,60,2,2,0,0,0
"413",4,60,1,2,1,6,0
"414",0,0,2,2,0,0,3
"415",0,20,2,2,0,0,0
"416",0,0,2,2,0,0,1
"417",0,0,2,2,0,0,5
"418",0,30,2,2,0,0,0
"419",0,30,2,2,0,0,0
"420",0,0,2,2,0,0,1
"421",0,30,2,2,0,0,0
"422",0,0,2,2,0,0,1
"423",0,30,2,2,0,0,0
"424",0,20,2,2,0,0,0
"425",0,0,2,2,0,0,3
"426",0,0,2,2,0,0,5
"427",0,0,2,2,0,0,3
"428",0,40,2,2,0,0,0
"429",0,0,2,2,0,0,3
"430",0,0,2,2,0,0,1
"431",0,0,2,2,0,0,1
"432",0,0,2,2,0,0,3
"433",0,30,2,2,0,0,0
"434",1,30,1,2,2,3,0
"435",2,20,1,2,2,4,0
"436",2,30,1,2,2,3,0
"437",2,60,1,2,2,2,0
"438",0,20,2,2,0,0,0
"439",0,40,2,2,0,0,0
"440",0,20,2,2,0,0,0
"441",3,60,1,2,2,3,0
"442",3,20,1,2,2,3,0
"443",1,30,1,2,2,1,0
"444",1,30,1,2,2,4,0
"445",0,20,2,2,0,0,0
"446",4,90,1,2,2,2,0
"447",0,0,2,2,0,0,3
"448",0,0,2,2,0,0,3
"449",0,40,2,2,0,0,0
"450",0,60,2,2,0,0,0
"451",0,30,2,2,0,0,0
"452",0,40,2,2,0,0,0
"453",3,90,1,2,2,4,0
"454",0,20,2,2,0,0,0
"455",0,0,2,2,0,0,5
"456",0,20,2,2,0,0,0
"457",0,25,2,2,0,0,0
"458",2,30,1,2,2,4,0
"459",0,0,2,2,0,0,5
"460",0,30,2,2,0,0,0
"461",0,0,2,2,0,0,3
"462",0,35,2,2,0,0,0
"463",0,30,2,2,0,0,0
"464",0,60,2,2,0,0,0
"465",4,60,1,2,2,3,0
"466",0,30,2,2,0,0,0
"467",0,20,2,2,0,0,0
"468",0,30,2,2,0,0,0
"469",0,30,2,2,0,0,0
"470",0,0,2,2,0,0,5
"471",3,20,1,2,2,3,0
"472",2,20,1,2,1,2,0
"473",4,30,1,2,2,4,0
"474",8,60,1,2,2,2,0
"475",5,30,1,2,2,2,0
"476",6,60,1,2,2,2,0
"477",0,0,2,2,0,0,3
"478",2,30,1,2,1,3,0
"479",2,60,1,2,2,4,0
"480",0,30,2,2,0,0,0
"481",2,60,1,2,1,3,0
"482",0,0,2,2,0,0,6
"483",0,20,2,2,0,0,0
"484",3,120,1,2,2,4,0
"485",0,30,2,2,0,0,0
"486",0,0,2,2,0,0,3
"487",0,0,2,2,0,0,3
"488",0,0,2,2,0,0,3
"489",0,20,2,2,0,0,0
"490",0,0,2,2,0,0,5
"491",0,30,2,2,0,0,0
"492",2,60,1,2,2,4,0
"493",3,90,1,2,1,3,0
"494",6,40,1,2,2,3,0
"495",3,30,1,2,2,4,0
"496",0,0,2,2,0,0,3
"497",0,0,2,2,0,0,5
"498",0,40,2,2,0,0,0
"499",0,30,2,2,0,0,0
"500",0,30,2,2,0,0,0
"501",1,15,1,2,2,3,0
"502",0,30,2,2,0,0,0
"503",0,20,2,2,0,0,0
"504",0,30,2,2,0,0,0
"505",0,15,2,2,0,0,0
"506",3,120,1,2,1,2,0
"507",0,0,2,2,0,0,1
"508",0,0,2,2,0,0,1
"509",2,120,1,2,2,4,0
"510",0,0,2,2,0,0,3
"511",0,30,2,2,0,0,0
"512",2,60,1,2,1,2,0
"513",0,0,2,2,0,0,3
"514",0,0,2,2,0,0,2
"515",1,60,1,2,2,4,0
"516",0,0,2,2,0,0,5
"517",3,120,1,2,2,4,0
"518",0,0,2,2,0,0,5
"519",0,0,2,2,0,0,5
"520",1,30,1,2,2,3,0
"521",0,0,2,2,0,0,1
"522",2,60,1,2,2,4,0
"523",3,60,1,2,2,4,0
"524",3,60,1,2,2,3,0
"525",5,90,1,2,2,4,0
"526",0,20,2,2,0,0,0
"527",0,0,2,2,0,0,3
"528",0,0,2,2,0,0,5
"529",4,60,1,2,2,1,0
"530",0,15,2,2,0,0,0
"531",1,30,1,2,2,3,0
"532",0,15,2,2,0,0,0
"533",3,25,1,2,2,2,0
"534",5,35,1,2,2,2,0
"535",0,15,2,2,0,0,0
"536",0,15,2,1,0,0,0
"537",2,60,1,2,2,3,0
"538",3,120,1,1,2,4,0
"539",0,10,2,1,0,0,0
"540",0,20,2,2,0,0,0
"541",6,30,1,1,2,2,0
"542",1,20,1,2,2,5,0
"543",0,10,2,2,0,0,0
"544",0,20,2,2,0,0,0
"545",2,60,1,2,1,4,0
"546",1,20,1,2,2,4,0
"547",0,15,2,1,0,0,0
"548",0,0,2,2,0,0,3
"549",1,30,1,2,2,5,0
"550",0,25,2,2,0,0,0
"551",3,60,1,1,2,1,0
"552",0,20,2,2,0,0,0
"553",3,60,1,2,2,4,0
"554",3,30,1,2,2,1,0
"555",3,30,1,2,2,2,0
"556",4,30,1,2,2,5,0
"557",5,30,1,2,1,2,0
"558",0,20,2,2,0,0,0
"559",6,30,1,1,2,4,0
"560",0,0,2,2,0,0,3
"561",0,15,2,2,0,0,0
"562",0,20,2,2,0,0,0
"563",0,0,2,2,0,0,3
"564",0,20,2,2,0,0,0
"565",0,0,2,2,0,0,5
"566",2,20,1,2,2,4,0
"567",2,25,1,2,2,4,0
"568",7,60,1,1,1,4,0
"569",0,20,2,2,0,0,0
"570",0,15,2,2,0,0,0
"571",0,15,2,2,0,0,0
"572",0,0,2,2,0,0,2
"573",0,0,2,2,0,0,5
"574",0,0,2,2,0,0,5
"575",0,30,2,2,0,0,0
"576",2,30,1,2,2,3,0
"577",6,30,1,2,2,2,0
"578",3,60,1,2,2,4,0
"579",0,10,2,2,0,0,0
"580",0,0,2,2,0,0,3
"581",0,30,2,2,0,0,0
"582",0,0,2,2,0,0,2
"583",0,20,2,2,0,0,0
"584",0,15,2,1,0,0,0
"585",3,60,1,2,2,4,0
"586",0,0,2,2,0,0,3
"587",0,0,2,2,0,0,3
"588",0,0,2,2,0,0,1
"589",8,20,1,2,2,3,0
"590",1,15,1,2,2,4,0
"591",3,45,1,2,1,1,0
"592",0,0,0,0,0,0,0
"593",4,120,1,2,2,4,0
"594",3,60,1,2,2,4,0
"595",2,240,1,2,2,3,0
"596",0,0,2,2,0,0,5
"597",0,0,2,2,0,0,5
"598",0,60,2,2,0,0,0
"599",2,20,1,2,2,4,0
"600",0,15,2,2,0,0,0
"601",0,0,0,0,0,0,0
"602",0,0,2,2,0,0,5
"603",0,0,2,2,0,0,3
"604",0,15,2,2,0,0,0
"605",0,0,2,2,0,0,5
"606",0,10,2,2,0,0,0
"607",1,10,1,1,2,3,0
"608",0,20,2,2,0,0,0
"609",0,0,0,0,0,0,0
"610",0,15,2,2,0,0,0
"611",0,0,2,2,0,0,3
"612",0,0,2,2,0,0,1
"613",0,0,2,2,0,0,5
"614",0,0,2,2,0,0,1
"615",0,0,2,2,0,0,3
"616",1,30,1,2,2,4,0
"617",3,45,1,2,2,1,0
"618",4,60,1,2,2,1,0
"619",0,30,2,2,0,0,0
"620",0,20,2,2,0,0,0
"621",0,120,2,1,0,0,0
"622",0,15,2,2,0,0,0
"623",3,120,1,2,2,3,0
"624",0,20,2,2,0,0,0
"625",0,10,2,2,0,0,0
"626",1,15,1,2,2,4,0
"627",6,30,1,2,2,3,0
"628",0,0,2,2,0,0,3
"629",0,0,2,2,0,0,3
"630",0,15,2,2,0,0,0
"631",1,60,1,2,2,4,0
"632",1,30,1,2,2,5,0
"633",0,0,2,2,0,0,1
"634",0,0,2,2,0,0,5
"635",0,30,2,2,0,0,0
"636",0,25,2,2,0,0,0
"637",0,30,2,2,0,0,0
"638",1,30,1,2,2,1,0
"639",0,0,2,2,0,0,2
"640",0,0,0,0,0,0,0
"641",0,60,2,2,0,0,0
"642",3,90,1,2,2,5,0
"643",4,30,1,2,2,2,0
"644",0,20,2,2,0,0,0
"645",0,0,2,2,0,0,5
"646",0,40,2,2,0,0,0
"647",0,20,2,2,0,0,0
"648",0,35,2,2,0,0,0
"649",0,0,2,2,0,0,1
"650",0,20,2,2,0,0,0
"651",0,30,2,2,0,0,0
"652",0,20,2,2,0,0,0
"653",0,30,2,2,0,0,0
"654",0,0,2,2,0,0,1
"655",1,30,1,2,2,4,0
"656",1,20,1,2,1,4,0
"657",2,30,1,2,2,4,0
"658",0,0,2,2,0,0,1
"659",1,60,1,2,2,4,0
"660",0,30,2,2,0,0,0
"661",0,0,2,2,0,0,1
"662",0,30,2,2,0,0,0
"663",0,0,0,0,0,0,0
"664",0,0,2,2,0,0,1
"665",0,0,2,2,0,0,1
"666",2,60,1,2,2,4,0
"667",0,40,2,2,0,0,0
"668",0,40,2,2,0,0,0
"669",0,0,0,0,0,0,0
"670",1,40,1,2,2,5,0
"671",0,0,0,0,0,0,0
"672",0,0,0,0,0,0,0
"673",0,25,2,2,0,0,0
"674",2,120,1,2,2,5,0
"675",0,40,2,2,0,0,0
"676",0,0,0,0,0,0,0
"677",0,0,2,2,0,0,1
"678",0,25,2,2,0,0,0
"679",0,0,2,2,0,0,5
"680",0,0,2,2,0,0,1
"681",0,0,0,0,0,0,0
"682",0,20,2,2,0,0,0
"683",0,0,0,0,0,0,0
"684",0,30,2,2,0,0,0
"685",0,0,2,2,0,0,1
"686",0,40,2,2,0,0,0
"687",0,0,2,2,0,0,5
"688",1,15,1,2,2,4,0
"689",0,30,2,2,0,0,0
"690",0,0,2,2,0,0,2
"691",0,40,2,2,0,0,0
"692",6,60,1,2,2,3,0
"693",0,0,2,2,0,0,5
"694",0,0,2,2,0,0,1
"695",12,40,1,2,1,3,0
"696",0,0,2,2,0,0,5
"697",0,0,2,2,0,0,2
"698",1,30,1,2,2,3,0
"699",2,30,1,2,2,2,0
"700",0,20,2,2,0,0,0
"701",0,0,2,2,0,0,3
"702",0,0,2,2,0,0,2
"703",4,30,1,2,1,2,0
"704",0,0,2,2,0,0,2
"705",0,20,2,2,0,0,0
"706",3,30,1,2,1,3,0
"707",2,60,1,2,2,3,0
"708",1,45,1,2,2,4,0
"709",0,40,2,2,0,0,0
"710",1,25,1,2,1,3,0
"711",3,40,1,2,1,4,0
"712",4,50,1,2,1,3,0
"713",3,60,1,2,2,1,0
"714",3,60,1,2,2,2,0
"715",0,20,2,2,0,0,0
"716",0,0,2,2,0,0,2
"717",2,30,1,2,1,3,0
"718",0,0,2,2,0,0,1
"719",2,40,1,2,1,3,0
"720",0,20,2,2,0,0,0
"721",4,40,1,2,2,2,0
"722",0,0,2,2,0,0,2
"723",1,30,1,2,2,3,0
"724",1,30,1,2,2,4,0
"725",0,30,2,2,0,0,0
"726",0,20,2,2,0,0,0
"727",0,0,2,2,0,0,2
"728",0,0,2,2,0,0,5
"729",1,20,1,2,2,4,0
"730",0,20,2,2,0,0,0
"731",0,0,2,2,0,0,3
"732",0,10,2,2,0,0,0
"733",0,20,2,2,0,0,0
"734",0,5,2,2,0,0,0
"735",0,25,2,2,0,0,0
"736",0,0,2,2,0,0,1
"737",2,30,1,2,2,4,0
"738",0,30,2,2,0,0,0
"739",0,0,2,2,0,0,2
"740",0,0,2,2,0,0,3
"741",1,40,1,2,2,1,0
"742",0,0,2,2,0,0,1
"743",0,20,2,2,0,0,0
"744",0,0,2,2,0,0,3
"745",0,0,2,2,0,0,3
"746",0,10,2,2,0,0,0
"747",2,30,1,2,2,4,0
"748",0,0,2,2,0,0,3
"749",0,15,2,2,0,0,0
"750",1,30,1,2,2,5,0
"751",0,0,2,2,0,0,1
"752",0,0,2,2,0,0,1
"753",0,0,2,2,0,0,3
"754",2,30,1,2,2,2,0
"755",0,0,2,2,0,0,5
"756",4,60,1,2,2,2,0
"757",0,90,2,2,0,0,0
"758",2,30,1,2,2,3,0
"759",0,0,0,0,0,0,0
"760",3,30,1,2,2,4,0
"761",0,15,2,2,0,0,0
"762",0,0,2,2,0,0,5
"763",0,0,2,2,0,0,3
"764",0,60,2,2,0,0,0
"765",0,30,2,2,0,0,0
"766",0,0,2,2,0,0,1
"767",4,45,1,2,2,2,0
"768",0,0,2,2,0,0,5
"769",0,40,2,2,0,0,0
"770",0,0,0,0,0,0,0
"771",0,0,2,2,0,0,3
"772",0,0,2,2,0,0,3
"773",0,0,2,2,0,0,1
"774",0,0,2,2,0,0,3
"775",3,45,1,2,2,2,0
"776",0,30,2,2,0,0,0
"777",0,20,2,2,0,0,0
"778",0,30,2,2,0,0,0
"779",2,15,1,2,2,6,0
"780",0,0,2,2,0,0,5
"781",12,40,1,2,2,2,0
"782",3,60,1,2,2,2,0
"783",1,20,1,2,2,2,0
"784",2,40,1,2,2,2,0
"785",1,60,1,2,2,2,0
"786",1,30,1,2,2,3,0
"787",3,60,1,2,2,2,0
"788",0,0,2,2,0,0,1
"789",6,45,1,2,2,2,0
"790",0,0,2,2,0,0,5
"791",0,0,2,2,0,0,2
"792",0,30,2,2,0,0,0
"793",1,30,1,2,2,4,0
"794",2,30,1,2,2,3,0
"795",0,30,2,2,0,0,0
"796",1,40,1,2,2,4,0
"797",1,30,1,2,2,4,0
"798",0,0,2,2,0,0,6
"799",0,0,2,2,0,0,3
"800",0,0,2,2,0,0,3
"801",0,30,2,2,0,0,0
"802",0,0,2,2,0,0,3
"803",0,15,2,2,0,0,0
"804",1,20,1,2,2,3,0
"805",2,30,1,2,2,2,0
"806",0,0,2,2,0,0,3
"807",0,0,2,2,0,0,2
"808",2,30,1,2,2,3,0
"809",5,120,1,2,2,1,0
"810",5,50,1,2,2,4,0
"811",2,30,1,2,2,3,0
"812",0,0,2,2,0,0,3
"813",0,0,2,2,0,0,1
"814",0,45,2,1,0,0,0
"815",0,3,2,2,0,0,0
"816",0,35,2,2,0,0,0
"817",0,0,2,2,0,0,3
"818",0,0,2,2,0,0,5
"819",0,0,2,2,0,0,5
"820",0,0,2,2,0,0,2
"821",0,30,2,2,0,0,0
"822",0,45,2,2,0,0,0
"823",2,60,1,2,2,4,0
"824",0,40,2,2,0,0,0
"825",0,20,2,2,0,0,0
"826",0,30,2,2,0,0,0
"827",0,15,2,2,0,0,0
"828",0,0,2,2,0,0,5
"829",5,120,1,2,2,2,0
"830",0,0,2,2,0,0,3
"831",0,0,2,2,0,0,3
"832",0,0,2,2,0,0,5
"833",3,40,1,2,2,1,0
"834",4,60,1,1,2,2,0
"835",6,40,1,2,2,3,0
"836",0,0,2,2,0,0,3
"837",0,0,2,2,0,0,2
"838",0,0,2,2,0,0,5
"839",0,0,2,2,0,0,4
"840",1,30,1,2,2,4,0
"841",4,120,1,2,2,1,0
"842",3,40,1,2,2,3,0
"843",0,15,2,2,0,0,0
"844",3,40,1,2,2,3,0
"845",1,60,1,2,1,2,0
"846",0,30,2,2,0,0,0
"847",2,45,1,2,2,3,0
"848",0,15,2,2,0,0,0
"849",1,15,1,2,2,5,0
"850",2,30,1,2,2,1,0
"851",0,30,2,2,0,0,0
"852",0,0,2,2,0,0,5
"853",0,10,2,2,0,0,0
"854",2,40,1,2,1,1,0
"855",0,20,2,2,0,0,0
"856",0,15,2,2,0,0,0
"857",1,30,1,2,2,4,0
"858",0,0,2,2,0,0,1
"859",0,10,2,2,0,0,0
"860",0,50,2,2,0,0,0
"861",0,0,2,2,0,0,3
"862",4,35,1,2,1,1,0
"863",6,45,1,2,1,2,0
"864",1,20,1,2,2,5,0
"865",0,0,2,2,0,0,2
"866",0,15,2,2,0,0,0
"867",0,20,2,2,0,0,0
"868",0,0,2,2,0,0,5
"869",0,5,2,2,0,0,0
"870",0,0,2,2,0,0,1
"871",0,0,2,2,0,0,5
"872",0,30,2,2,0,0,0
"873",1,40,1,2,2,3,0
"874",2,40,1,2,1,3,0
"875",5,120,1,2,2,2,0
"876",0,0,2,2,0,0,2
"877",4,60,1,2,2,1,0
"878",0,20,2,2,0,0,0
"879",0,0,2,2,0,0,3
"880",0,25,2,2,0,0,0
"881",0,0,2,2,0,0,3
"882",1,20,1,2,2,4,0
"883",0,60,2,2,0,0,0
"884",0,30,2,2,0,0,0
"885",2,45,1,2,2,3,0
"886",0,0,0,0,0,0,0
"887",0,20,2,2,0,0,0
"888",2,60,1,2,2,3,0
"889",0,20,2,2,0,0,0
"890",0,0,2,2,0,0,3
"891",0,0,2,2,0,0,1
"892",0,0,2,2,0,0,2
"893",0,0,2,2,0,0,2
"894",4,90,1,2,2,2,0
"895",0,0,2,2,0,0,3
"896",0,0,2,2,0,0,1
"897",0,0,2,2,0,0,1
"898",2,40,1,2,2,1,0
"899",0,0,2,2,0,0,2
"900",0,5,2,2,0,0,0
"901",0,0,2,2,0,0,3
"902",0,45,2,2,0,0,0
"903",3,30,1,2,2,1,0
"904",0,0,2,2,0,0,2
"905",0,0,2,2,0,0,5
"906",0,30,2,2,0,0,0
"907",0,0,2,2,0,0,3
"908",0,20,2,2,0,0,0
"909",1,15,1,2,2,4,0
"910",0,0,2,2,0,0,2
"911",0,0,2,2,0,0,2
"912",0,0,2,2,0,0,5
"913",0,0,2,2,0,0,1
"914",0,0,2,2,0,0,3
"915",0,0,2,2,0,0,3
"916",0,5,2,2,0,0,0
"917",0,0,2,2,0,0,3
"918",0,0,2,2,0,0,1
"919",0,20,2,2,0,0,0
"920",0,0,2,2,0,0,2
"921",0,0,2,2,0,0,2
"922",0,0,2,2,0,0,3
"923",0,45,2,2,0,0,0
"924",1,40,1,2,2,4,0
"925",3,120,1,2,2,2,0
"926",0,0,2,2,0,0,3
"927",32,120,1,2,2,3,0
"928",2,29,1,2,2,3,0
"929",0,10,2,2,0,0,0
"930",0,18,2,2,0,0,0
"931",3,60,1,2,2,3,0
"932",0,30,2,2,0,0,0
"933",0,0,2,2,0,0,3
"934",0,30,2,2,0,0,0
"935",12,60,1,2,2,3,0
"936",0,0,2,2,0,0,3
"937",0,20,2,2,0,0,0
"938",0,0,2,2,0,0,1
"939",0,0,2,2,0,0,5
"940",0,30,2,2,0,0,0
"941",0,15,2,2,0,0,0
"942",0,30,2,2,0,0,0
"943",0,0,2,2,0,0,3
"944",0,0,2,2,0,0,3
"945",0,0,2,2,0,0,2
"946",4,60,1,2,1,2,0
"947",4,10,1,2,1,2,0
"948",1,30,1,2,2,1,0
"949",0,0,2,2,0,0,5
"950",4,25,1,1,2,3,0
"951",0,15,2,2,0,0,0
"952",0,0,2,2,0,0,5
"953",2,10,1,2,1,6,0
"954",6,60,1,2,1,4,0
"955",1,15,1,2,2,4,0
"956",4,30,1,2,2,4,0
"957",3,30,1,2,2,4,0
"958",3,30,1,2,2,4,0
"959",0,30,2,2,0,0,0
"960",0,0,0,0,0,0,0
"961",12,60,1,2,2,2,0
"962",2,35,1,2,2,4,0
"963",3,30,1,2,2,3,0
"964",0,20,2,2,0,0,0
"965",2,40,1,2,2,4,0
"966",2,30,1,2,2,4,0
"967",0,0,2,2,0,0,3
"968",3,40,1,2,2,4,0
"969",2,30,1,2,2,4,0
"970",0,15,2,2,0,0,0
"971",3,30,1,2,2,4,0
"972",3,30,1,2,2,4,0
"973",3,30,1,2,2,4,0
"974",0,0,0,0,0,0,0
"975",0,15,2,2,0,0,0
"976",1,20,1,2,2,3,0
"977",1,40,1,2,2,5,0
"978",0,30,2,2,0,0,0
"979",0,10,2,2,0,0,0
"980",1,60,1,2,2,4,0
"981",2,20,1,2,1,3,0
"982",1,20,1,2,2,4,0
"983",1,30,1,2,2,4,0
"984",0,0,0,0,0,0,0
"985",3,30,1,2,2,3,0
"986",3,20,1,2,2,2,0
"987",3,60,1,2,2,5,0
"988",0,0,2,2,0,0,1
"989",0,0,2,2,0,0,3
"990",0,30,2,2,0,0,0
"991",1,10,1,1,2,4,0
"992",8,60,1,1,2,2,0
"993",3,60,1,2,2,2,0
"994",4,60,1,2,2,3,0
"995",0,0,2,2,0,0,1
"996",0,30,2,2,0,0,0
"997",0,30,2,2,0,0,0
"998",1,15,1,2,2,4,0
"999",2,30,1,1,2,3,0
"1000",20,30,1,2,2,4,0
"1001",0,5,2,2,0,0,0
"1002",1,10,1,2,2,4,0
"1003",2,15,1,2,2,4,0
"1004",4,30,1,2,1,4,0
"1005",3,40,1,2,2,3,0
"1006",0,0,2,2,0,0,5
"1007",3,40,1,2,2,3,0
"1008",0,0,2,2,0,0,3
"1009",3,20,1,2,2,6,0
"1010",0,0,0,0,0,0,0
"1011",2,20,1,2,2,5,0
"1012",0,20,2,2,0,0,0
"1013",3,40,1,2,2,3,0
"1014",0,0,2,2,0,0,2
"1015",0,20,2,2,0,0,0
"1016",3,30,1,2,2,3,0
"1017",5,40,1,2,1,2,0
"1018",2,30,1,2,2,4,0
"1019",3,20,1,2,2,4,0
"1020",2,20,1,2,2,4,0
"1021",0,20,2,2,0,0,0
"1022",1,30,1,2,2,1,0
"1023",0,0,2,2,0,0,3
"1024",1,30,1,2,1,5,0
"1025",3,15,1,2,2,4,0
"1026",0,60,2,2,0,0,0
"1027",3,30,1,2,2,4,0
"1028",6,90,1,2,2,3,0
"1029",2,15,1,2,2,4,0
"1030",5,60,1,2,2,4,0
"1031",2,30,1,2,2,4,0
"1032",8,120,1,2,1,4,0
"1033",2,20,1,2,2,4,0
"1034",1,60,1,2,2,4,0
"1035",3,10,1,2,2,6,0
"1036",0,0,0,0,0,0,0
"1037",1,5,1,2,2,5,0
"1038",0,0,2,2,0,0,3
"1039",1,30,1,2,2,3,0
"1040",0,0,2,2,0,0,3
"1041",0,5,2,2,0,0,0
"1042",3,120,1,2,1,4,0
"1043",0,5,2,2,0,0,0
"1044",0,30,2,1,0,0,0
"1045",3,40,1,2,2,3,0
"1046",3,120,1,2,2,2,0
"1047",3,30,1,2,2,3,0
"1048",2,120,1,2,2,4,0
"1049",0,0,2,2,0,0,1
"1050",1,20,1,2,2,4,0
"1051",2,20,1,2,2,4,0
"1052",2,30,1,2,2,5,0
"1053",2,30,1,2,2,4,0
"1054",3,30,1,2,2,4,0
"1055",2,20,1,2,2,4,0
"1056",3,40,1,2,2,4,0
"1057",1,60,1,2,2,5,0
"1058",0,0,2,2,0,0,3
"1059",0,0,2,2,0,0,2
"1060",0,30,2,2,0,0,0
"1061",0,0,2,2,0,0,1
"1062",3,30,1,2,2,4,0
"1063",2,60,1,2,2,4,0
"1064",0,0,2,2,0,0,1
"1065",0,0,2,2,0,0,3
"1066",0,0,0,0,0,0,0
"1067",3,45,1,2,1,4,0
"1068",5,30,1,2,2,3,0
"1069",0,0,2,2,0,0,3
"1070",3,30,1,2,2,4,0
"1071",0,60,2,2,0,0,0
"1072",4,45,1,2,2,2,0
"1073",5,60,1,2,2,2,0
"1074",2,60,1,2,2,1,0
"1075",0,0,2,2,0,0,5
"1076",3,45,1,2,2,4,0
"1077",6,120,1,2,2,4,0
"1078",5,45,1,2,2,1,0
"1079",4,40,1,2,2,4,0
"1080",0,0,2,2,0,0,5
"1081",0,0,2,2,0,0,3
"1082",0,0,2,2,0,0,2
"1083",0,0,2,2,0,0,2
"1084",0,0,2,2,0,0,3
"1085",0,30,2,2,0,0,0
"1086",0,0,2,2,0,0,3
"1087",0,0,2,2,0,0,1
"1088",0,30,2,2,0,0,0
"1089",0,0,2,2,0,0,3
"1090",0,0,2,2,0,0,1
"1091",0,0,2,2,0,0,3
"1092",0,0,2,2,0,0,2
"1093",1,60,1,2,2,4,0
"1094",0,0,2,2,0,0,3
"1095",3,30,1,2,2,4,0
"1096",4,60,1,2,2,4,0
"1097",0,0,2,2,0,0,1
"1098",0,0,0,0,0,0,0
"1099",0,0,0,0,0,0,0
"1100",2,30,1,2,2,5,0
"1101",0,20,2,2,0,0,0
"1102",0,60,2,2,0,0,0
"1103",2,45,1,2,2,4,0
"1104",0,30,2,2,0,0,0
"1105",0,30,2,2,0,0,0
"1106",0,0,2,2,0,0,5
"1107",0,0,2,2,0,0,4
"1108",3,120,1,2,1,4,0
"1109",0,0,0,0,0,0,0
"1110",1,20,1,2,2,5,0
"1111",0,0,2,2,0,0,2
"1112",3,60,1,2,2,4,0
"1113",1,60,1,2,2,4,0
"1114",0,60,2,2,0,0,0
"1115",0,0,2,2,0,0,2
"1116",1,60,1,2,2,4,0
"1117",2,30,1,2,2,4,0
"1118",0,30,2,2,0,0,0
"1119",0,0,2,2,0,0,2
"1120",1,15,1,2,2,4,0
"1121",0,20,2,1,0,0,0
"1122",2,120,1,2,2,3,0
"1123",0,30,2,2,0,0,0
"1124",0,0,2,2,0,0,3
"1125",2,60,1,2,2,4,0
"1126",0,0,2,2,0,0,1
"1127",10,60,1,2,1,1,0
"1128",0,60,2,2,0,0,0
"1129",0,0,2,2,0,0,3
"1130",0,5,2,2,0,0,0
"1131",0,10,2,2,0,0,0
"1132",0,30,2,2,0,0,0
"1133",1,15,1,2,2,3,0
"1134",9,30,1,2,1,2,0
"1135",2,40,1,2,2,4,0
"1136",1,60,1,2,2,4,0
"1137",17,60,1,2,2,4,0
"1138",10,90,1,2,2,4,0
"1139",1,30,1,2,2,3,0
"1140",0,10,2,2,0,0,0
"1141",0,0,2,2,0,0,3
"1142",10,60,1,2,2,4,0
"1143",2,60,1,2,2,4,0
"1144",1,30,1,2,2,4,0
"1145",3,40,1,2,2,1,0
"1146",15,15,1,2,2,6,0
"1147",0,60,2,1,0,0,0
"1148",0,60,2,2,0,0,0
"1149",0,60,2,2,0,0,0
"1150",2,30,1,2,2,5,0
"1151",0,0,2,2,0,0,2
"1152",0,15,2,2,0,0,0
"1153",0,0,2,2,0,0,3
"1154",0,0,2,2,0,0,2
"1155",2,15,1,2,2,4,0
"1156",0,5,2,2,0,0,0
"1157",2,60,1,2,2,5,0
"1158",3,30,1,1,1,2,0
"1159",2,20,1,2,2,3,0
"1160",1,10,1,2,2,4,0
"1161",3,40,1,2,2,4,0
"1162",2,30,1,2,1,3,0
"1163",1,20,1,2,2,4,0
"1164",1,10,1,2,2,3,0
"1165",0,15,2,2,0,0,0
"1166",0,30,2,2,0,0,0
"1167",0,0,0,0,0,0,0
"1168",8,20,1,2,2,4,0
"1169",1,15,1,2,2,4,0
"1170",0,0,2,2,0,0,3
"1171",0,0,2,2,0,0,2
"1172",2,45,1,2,2,4,0
"1173",10,30,1,2,2,1,0
"1174",0,5,2,2,0,0,0
"1175",2,20,1,2,2,4,0
"1176",0,20,2,2,0,0,0
"1177",4,60,1,1,2,3,0
"1178",1,5,1,2,2,4,0
"1179",13,10,1,2,2,4,0
"1180",1,30,1,2,2,4,0
"1181",0,0,2,2,0,0,5
"1182",0,60,2,2,0,0,0
"1183",1,60,1,2,2,2,0
"1184",0,0,2,2,0,0,3
"1185",3,60,1,2,2,4,0
"1186",3,10,1,2,1,4,0
"1187",0,30,2,2,0,0,0
"1188",3,60,1,1,2,4,0
"1189",2,30,1,2,2,4,0
"1190",0,10,2,2,0,0,0
"1191",50,180,1,2,2,1,0
"1192",0,30,2,2,0,0,0
"1193",0,15,2,2,0,0,0
"1194",3,60,1,2,2,4,0
"1195",1,30,1,1,2,4,0
"1196",3,60,1,2,2,2,0
"1197",1,60,1,2,2,5,0
"1198",0,5,2,2,0,0,0
"1199",0,20,2,2,0,0,0
"1200",3,60,1,2,2,4,0
"1201",0,15,2,2,0,0,0
"1202",0,60,2,2,0,0,0
"1203",1,15,1,2,2,4,0
"1204",7,45,1,2,2,4,0
"1205",0,10,2,2,0,0,0
"1206",1,60,1,2,2,4,0
"1207",0,0,2,2,0,0,3
"1208",0,0,2,2,0,0,3
"1209",0,0,2,2,0,0,5
"1210",1,20,1,2,2,4,0
"1211",0,0,0,0,0,0,0
"1212",0,20,2,2,0,0,0
"1213",4,20,1,2,2,1,0
"1214",1,40,1,2,2,5,0
"1215",3,30,1,2,2,6,0
"1216",2,60,1,2,1,3,0
"1217",5,30,1,2,2,2,0
"1218",2,120,1,2,2,4,0
"1219",3,30,1,2,2,3,0
"1220",0,0,2,2,0,0,3
"1221",0,0,0,0,0,0,0
"1222",0,0,0,0,0,0,0
"1223",0,0,2,2,0,0,5
"1224",0,0,0,0,0,0,0
"1225",0,0,2,2,0,0,1
"1226",0,0,2,2,0,0,3
"1227",0,30,2,2,0,0,0
"1228",0,0,2,2,0,0,3
"1229",0,30,2,2,0,0,0
"1230",0,30,2,2,0,0,0
"1231",0,0,0,0,0,0,0
"1232",2,45,1,2,2,4,0
"1233",0,30,2,2,0,0,0
"1234",0,60,2,1,0,0,0
"1235",0,10,2,2,0,0,0
"1236",0,30,2,2,0,0,0
"1237",0,60,2,2,0,0,0
"1238",0,0,2,2,0,0,3
"1239",0,15,2,2,0,0,0
"1240",0,0,2,2,0,0,3
"1241",0,25,2,2,0,0,0
"1242",0,0,2,2,0,0,3
"1243",0,0,2,2,0,0,4
"1244",0,0,2,2,0,0,2
"1245",0,20,2,2,0,0,0
"1246",1,30,1,2,2,1,0
"1247",0,0,2,2,0,0,3
"1248",0,0,2,2,0,0,5
"1249",0,0,2,2,0,0,5
"1250",0,0,2,2,0,0,3
"1251",2,60,1,2,2,1,0
"1252",2,30,1,2,1,3,0
"1253",0,0,0,0,0,0,0
"1254",1,15,1,2,2,5,0
"1255",0,20,2,2,0,0,0
"1256",3,30,1,2,2,3,0
"1257",0,0,0,0,0,0,0
"1258",0,20,2,2,0,0,0
"1259",4,60,1,2,2,2,0
"1260",0,20,2,2,0,0,0
"1261",0,0,2,2,0,0,6
"1262",4,40,1,1,2,1,0
"1263",0,0,2,2,0,0,3
"1264",0,30,2,2,0,0,0
"1265",1,20,1,2,2,3,0
"1266",20,60,1,2,2,3,0
"1267",1,60,1,2,2,5,0
"1268",2,20,1,2,2,4,0
"1269",2,30,1,2,2,3,0
"1270",1,30,1,2,2,4,0
"1271",0,10,2,2,0,0,0
"1272",0,0,2,2,0,0,3
"1273",0,0,2,2,0,0,5
"1274",4,45,1,1,2,5,0
"1275",0,10,2,2,0,0,0
"1276",4,60,1,2,1,2,0
"1277",0,0,2,2,0,0,3
"1278",1,60,1,2,2,5,0
"1279",1,30,1,2,2,5,0
"1280",0,20,2,2,0,0,0
"1281",1,60,1,2,1,3,0
"1282",2,45,1,2,2,4,0
"1283",2,60,1,1,1,4,0
"1284",0,30,2,2,0,0,0
"1285",0,30,2,2,0,0,0
"1286",0,15,2,2,0,0,0
"1287",0,15,2,2,0,0,0
"1288",0,30,2,2,0,0,0
"1289",0,0,2,2,0,0,1
"1290",15,90,1,2,2,3,0
"1291",1,15,1,2,2,3,0
"1292",5,30,1,2,2,3,0
"1293",0,0,2,2,0,0,5
"1294",3,30,1,2,1,4,0
"1295",0,0,2,2,0,0,1
"1296",0,30,2,2,0,0,0
"1297",0,10,2,2,0,0,0
"1298",0,0,2,2,0,0,3
"1299",0,0,2,2,0,0,1
"1300",0,0,2,2,0,0,3
"1301",0,30,2,2,0,0,0
"1302",3,60,1,2,1,3,0
"1303",0,30,2,2,0,0,0
"1304",2,40,1,2,2,5,0
"1305",1,40,1,2,2,4,0
"1306",0,10,2,2,0,0,0
"1307",0,30,2,2,0,0,0
"1308",0,0,0,0,0,0,0
"1309",0,0,2,2,0,0,3
"1310",0,15,2,2,0,0,0
"1311",0,30,2,2,0,0,0
"1312",0,20,2,2,0,0,0
"1313",4,30,1,2,2,3,0
"1314",2,120,1,1,2,4,0
"1315",12,120,1,2,2,2,0
"1316",3,60,1,2,1,4,0
"1317",0,30,2,2,0,0,0
"1318",0,30,2,2,0,0,0
"1319",0,0,2,2,0,0,5
"1320",0,0,2,2,0,0,3
"1321",0,40,2,2,0,0,0
"1322",1,20,1,2,2,4,0
"1323",1,45,1,2,2,4,0
"1324",0,20,2,2,0,0,0
"1325",0,25,2,2,0,0,0
"1326",5,30,1,2,1,3,0
"1327",3,70,1,2,2,2,0
"1328",3,30,1,2,2,4,0
"1329",0,20,2,2,0,0,0
"1330",0,40,2,2,0,0,0
"1331",0,20,2,2,0,0,0
"1332",2,45,1,2,2,1,0
"1333",0,20,2,2,0,0,0
"1334",0,20,2,2,0,0,0
"1335",3,120,1,1,2,2,0
"1336",0,20,2,2,0,0,0
"1337",0,20,2,2,0,0,0
"1338",0,30,2,2,0,0,0
"1339",0,120,2,2,0,0,0
"1340",0,0,2,2,0,0,3
"1341",3,30,1,2,2,4,0
"1342",0,0,2,2,0,0,1
"1343",0,15,2,2,0,0,0
"1344",0,20,2,2,0,0,0
"1345",0,30,2,2,0,0,0
"1346",0,30,2,2,0,0,0
"1347",2,50,1,2,1,1,0
"1348",0,0,2,2,0,0,1
"1349",0,35,2,2,0,0,0
"1350",10,90,1,2,1,3,0
"1351",0,60,2,2,0,0,0
"1352",0,60,2,1,0,0,0
"1353",0,0,0,0,0,0,0
"1354",0,0,0,0,0,0,0
"1355",0,0,2,2,0,0,3
"1356",0,30,2,2,0,0,0
"1357",0,40,2,2,0,0,0
"1358",0,20,2,2,0,0,0
"1359",1,30,1,2,2,3,0
"1360",0,30,2,2,0,0,0
"1361",0,0,0,0,0,0,0
"1362",0,25,2,2,0,0,0
"1363",1,30,1,2,2,3,0
"1364",0,60,2,2,0,0,0
"1365",0,120,2,2,0,0,0
"1366",0,40,2,2,0,0,0
"1367",0,20,2,2,0,0,0
"1368",4,30,1,2,2,3,0
"1369",0,60,2,2,0,0,0
"1370",3,30,1,2,2,4,0
"1371",0,0,2,2,0,0,1
"1372",3,180,1,2,2,4,0
"1373",0,30,2,2,0,0,0
"1374",0,15,2,2,0,0,0
"1375",0,10,2,1,0,0,0
"1376",1,30,1,2,2,1,0
"1377",0,0,2,2,0,0,3
"1378",1,45,1,2,2,5,0
"1379",0,0,2,2,0,0,3
"1380",0,30,2,2,0,0,0
"1381",1,45,1,2,1,4,0
"1382",0,0,2,2,0,0,3
"1383",0,0,2,2,0,0,3
"1384",0,20,2,2,0,0,0
"1385",1,30,1,2,2,4,0
"1386",0,0,2,2,0,0,3
"1387",1,30,1,2,2,5,0
"1388",0,60,2,1,0,0,0
"1389",1,30,1,2,2,5,0
"1390",0,0,2,2,0,0,3
"1391",0,30,2,2,0,0,0
"1392",2,15,1,2,2,1,0
"1393",0,10,2,2,0,0,0
"1394",1,15,1,2,2,4,0
"1395",0,10,2,2,0,0,0
"1396",0,60,2,2,0,0,0
"1397",0,0,2,2,0,0,5
"1398",0,0,0,0,0,0,0
"1399",0,10,2,2,0,0,0
"1400",0,0,2,2,0,0,1
"1401",0,30,2,2,0,0,0
"1402",0,0,0,0,0,0,0
"1403",0,0,2,2,0,0,5
"1404",0,15,2,2,0,0,0
"1405",0,35,2,2,0,0,0
"1406",0,40,2,2,0,0,0
"1407",1,35,1,2,2,4,0
"1408",2,60,1,2,2,3,0
"1409",0,60,2,2,0,0,0
"1410",0,0,2,2,0,0,2
"1411",0,45,2,2,0,0,0
"1412",0,20,2,2,0,0,0
"1413",3,45,1,2,2,4,0
"1414",0,45,2,2,0,0,0
"1415",0,0,2,2,0,0,4
"1416",0,40,2,2,0,0,0
"1417",0,20,2,2,0,0,0
"1418",2,60,1,2,1,1,0
"1419",3,30,1,1,1,4,0
"1420",2,30,1,2,2,1,0
"1421",3,120,1,2,2,4,0
"1422",0,0,2,2,0,0,3
"1423",0,0,2,2,0,0,2
"1424",0,0,2,2,0,0,3
"1425",3,40,1,2,2,1,0
"1426",1,30,1,2,2,1,0
"1427",0,30,2,1,0,0,0
"1428",0,20,2,1,0,0,0
"1429",0,90,2,2,0,0,0
"1430",3,90,1,2,2,2,0
"1431",1,45,1,2,2,5,0
"1432",1,50,1,2,2,5,0
"1433",3,60,1,2,2,4,0
"1434",0,0,2,2,0,0,3
"1435",0,0,2,2,0,0,2
"1436",10,30,1,2,2,2,0
"1437",2,30,1,1,2,4,0
"1438",0,15,2,2,0,0,0
"1439",0,0,2,2,0,0,3
"1440",0,0,2,2,0,0,5
"1441",0,10,2,2,0,0,0
"1442",1,30,1,1,1,2,0
"1443",0,0,2,2,0,0,5
"1444",0,30,2,2,0,0,0
"1445",2,30,1,2,2,6,0
"1446",2,40,1,2,2,4,0
"1447",0,60,2,2,0,0,0
"1448",20,90,1,1,1,4,0
"1449",0,30,2,2,0,0,0
"1450",2,60,1,2,2,3,0
"1451",1,10,1,2,2,1,0
"1452",0,0,2,2,0,0,3
"1453",0,0,2,2,0,0,6
"1454",0,0,2,2,0,0,1
"1455",0,0,0,0,0,0,0
"1456",2,15,1,1,2,4,0
"1457",0,20,2,2,0,0,0
"1458",3,15,1,1,1,4,0
"1459",0,30,2,2,0,0,0
"1460",0,0,0,0,0,0,0
"1461",1,30,1,1,2,3,0
"1462",0,15,2,2,0,0,0
"1463",7,240,1,2,2,2,0
"1464",4,45,1,2,1,4,0
"1465",0,20,2,2,0,0,0
"1466",0,45,2,2,0,0,0
"1467",2,15,1,2,2,2,0
"1468",0,10,2,2,0,0,0
"1469",0,15,2,2,0,0,0
"1470",0,15,2,2,0,0,0
"1471",3,60,1,2,2,2,0
"1472",2,45,1,2,1,1,0
"1473",0,0,2,2,0,0,5
"1474",0,60,2,2,0,0,0
"1475",0,0,0,0,0,0,0
"1476",2,60,1,2,2,3,0
"1477",2,60,1,2,2,3,0
"1478",2,60,1,2,2,4,0
"1479",3,60,1,2,2,3,0
"1480",0,20,2,2,0,0,0
"1481",0,0,2,2,0,0,3
"1482",4,40,1,2,2,4,0
"1483",3,30,1,2,2,4,0
"1484",0,0,2,2,0,0,4
"1485",2,30,1,2,2,4,0
"1486",0,0,2,2,0,0,1
"1487",0,0,2,2,0,0,1
"1488",0,10,2,2,0,0,0
"1489",1,20,1,2,2,5,0
"1490",4,90,1,2,2,3,0
"1491",0,40,2,2,0,0,0
"1492",0,15,2,2,0,0,0
"1493",0,30,2,2,0,0,0
"1494",6,15,1,1,2,4,0
"1495",0,30,2,2,0,0,0
"1496",3,45,1,2,1,3,0
"1497",1,60,1,2,2,4,0
"1498",0,0,2,2,0,0,3
"1499",0,30,2,2,0,0,0
"1500",4,30,1,2,2,3,0
"1501",1,20,1,2,2,2,0
"1502",3,60,1,2,2,1,0
"1503",0,0,2,2,0,0,1
"1504",0,15,2,2,0,0,0
"1505",2,120,1,2,2,4,0
"1506",2,30,1,2,2,3,0
"1507",0,0,2,2,0,0,3
"1508",1,30,1,2,2,5,0
"1509",2,60,1,2,1,4,0
"1510",0,0,2,2,0,0,4
"1511",6,60,1,2,2,4,0
"1512",0,0,2,2,0,0,3
"1513",0,0,2,2,0,0,1
"1514",0,0,0,0,0,0,0
"1515",0,0,2,2,0,0,3
"1516",2,50,1,2,2,4,0
"1517",2,10,1,2,2,3,0
"1518",1,40,1,2,2,4,0
"1519",0,0,2,2,0,0,3
"1520",0,30,2,2,0,0,0
"1521",1,15,1,2,2,4,0
"1522",0,60,2,2,0,0,0
"1523",1,30,1,2,2,4,0
"1524",0,0,2,2,0,0,3
"1525",5,50,1,2,2,3,0
"1526",4,40,1,2,2,2,0
"1527",4,50,1,2,2,3,0
"1528",0,0,2,2,0,0,5
"1529",1,20,1,2,2,5,0
"1530",1,30,1,2,2,5,0
"1531",0,15,2,2,0,0,0
"1532",0,0,2,2,0,0,1
"1533",3,30,1,2,2,4,0
"1534",0,0,2,2,0,0,3
"1535",0,0,2,2,0,0,3
"1536",1,180,1,2,2,3,0
"1537",0,0,0,0,0,0,0
"1538",5,60,1,2,2,4,0
"1539",1,20,1,2,2,4,0
"1540",0,0,2,2,0,0,2
"1541",1,20,1,2,2,6,0
"1542",0,15,2,2,0,0,0
"1543",0,20,2,2,0,0,0
"1544",0,0,2,2,0,0,2
"1545",3,30,1,2,1,1,0
"1546",0,0,2,2,0,0,5
"1547",1,15,1,2,2,5,0
"1548",0,30,2,2,0,0,0
"1549",0,30,2,2,0,0,0
"1550",5,60,1,1,2,3,0
"1551",0,5,2,2,0,0,0
"1552",0,0,2,2,0,0,3
"1553",3,5,1,2,2,6,0
"1554",0,30,2,1,0,0,0
"1555",1,30,1,2,2,4,0
"1556",2,30,1,2,2,1,0
"1557",5,60,1,2,2,4,0
"1558",0,0,2,2,0,0,5
"1559",0,0,2,2,0,0,3
"1560",0,0,2,2,0,0,3
"1561",0,0,2,2,0,0,2
"1562",10,120,1,2,2,3,0
"1563",0,0,2,2,0,0,3
"1564",5,60,1,2,2,2,0
"1565",2,20,1,2,2,1,0
"1566",0,0,2,2,0,0,3
"1567",0,0,2,2,0,0,3
"1568",0,15,2,2,0,0,0
"1569",0,0,2,2,0,0,5
"1570",0,15,2,2,0,0,0
"1571",0,20,2,2,0,0,0
"1572",3,30,1,2,2,3,0
"1573",1,20,1,2,2,5,0
"1574",0,30,2,2,0,0,0
"1575",1,10,1,2,2,4,0
"1576",2,30,1,2,2,6,0
"1577",2,30,1,2,2,1,0
"1578",0,0,2,2,0,0,3
"1579",0,20,2,2,0,0,0
"1580",0,0,2,2,0,0,3
"1581",2,30,1,2,2,3,0
"1582",0,20,2,2,0,0,0
"1583",0,20,2,2,0,0,0
"1584",6,15,1,1,2,4,0
"1585",0,0,2,2,0,0,3
"1586",0,0,2,2,0,0,3
"1587",0,20,2,2,0,0,0
"1588",0,15,2,2,0,0,0
"1589",0,0,2,2,0,0,3
"1590",10,20,1,1,2,4,0
"1591",0,30,2,2,0,0,0
"1592",0,15,2,2,0,0,0
"1593",1,30,1,2,2,3,0
"1594",0,0,2,2,0,0,4
"1595",0,0,2,2,0,0,3
"1596",0,20,2,2,0,0,0
"1597",1,40,1,2,2,3,0
"1598",0,0,2,2,0,0,1
"1599",1,25,1,2,2,5,0
"1600",0,0,2,2,0,0,3
"1601",0,0,0,0,0,0,0
"1602",3,40,1,2,2,4,0
"1603",1,25,1,2,2,5,0
"1604",4,20,1,2,2,4,0
"1605",0,10,2,2,0,0,0
"1606",3,30,1,2,2,3,0
"1607",0,0,2,2,0,0,3
"1608",0,0,2,2,0,0,3
"1609",0,0,0,0,0,0,0
"1610",1,35,1,2,2,5,0
"1611",3,90,1,2,2,2,0
"1612",1,30,1,2,2,4,0
"1613",0,10,2,2,0,0,0
"1614",0,0,2,2,0,0,3
"1615",1,15,1,2,2,5,0
"1616",0,10,2,2,0,0,0
"1617",10,120,1,2,2,4,0
"1618",5,60,1,2,2,4,0
"1619",3,20,1,2,2,4,0
"1620",0,15,2,2,0,0,0
"1621",0,0,2,2,0,0,3
"1622",0,20,2,2,0,0,0
"1623",3,30,1,2,2,4,0
"1624",0,0,0,0,0,0,0
"1625",3,60,1,1,2,4,0
"1626",0,15,2,2,0,0,0
"1627",0,20,2,2,0,0,0
"1628",0,0,2,2,0,0,3
"1629",0,0,2,2,0,0,4
"1630",5,80,1,1,2,4,0
"1631",0,0,2,2,0,0,3
"1632",0,0,2,2,0,0,3
"1633",0,30,2,2,0,0,0
"1634",0,0,2,2,0,0,3
"1635",0,0,2,2,0,0,3
"1636",3,40,1,2,2,4,0
"1637",3,30,1,2,2,4,0
"1638",0,0,2,2,0,0,3
"1639",1,60,1,1,2,2,0
"1640",4,90,1,2,2,3,0
"1641",1,10,1,2,2,4,0
"1642",0,20,2,2,0,0,0
"1643",0,0,2,2,0,0,3
"1644",0,20,2,2,0,0,0
"1645",0,30,2,2,0,0,0
"1646",13,20,1,1,1,4,0
"1647",7,30,1,2,2,3,0
"1648",3,60,1,2,2,3,0
"1649",0,0,2,2,0,0,3
"1650",7,60,1,2,1,1,0
"1651",2,40,1,2,2,3,0
"1652",0,0,2,2,0,0,3
"1653",2,30,1,2,2,3,0
"1654",2,30,1,2,2,4,0
"1655",0,30,2,2,0,0,0
"1656",0,20,2,2,0,0,0
"1657",0,30,2,2,0,0,0
"1658",4,30,1,2,2,4,0
"1659",0,20,2,2,0,0,0
"1660",0,0,2,2,0,0,1
"1661",0,30,2,2,0,0,0
"1662",6,60,1,2,1,4,0
"1663",0,0,0,0,0,0,0
"1664",6,45,1,2,1,4,0
"1665",0,0,2,2,0,0,5
"1666",1,60,1,2,2,3,0
"1667",0,0,2,2,0,0,1
"1668",3,40,1,2,1,2,0
"1669",4,60,1,2,2,3,0
"1670",0,20,2,2,0,0,0
"1671",0,0,2,2,0,0,3
"1672",0,40,2,2,0,0,0
"1673",1,30,1,2,2,4,0
"1674",3,30,1,2,2,4,0
"1675",5,60,1,2,1,4,0
"1676",5,60,1,2,1,4,0
"1677",1,30,1,2,2,4,0
"1678",0,0,2,2,0,0,1
"1679",0,25,2,1,0,0,0
"1680",0,0,2,2,0,0,1
"1681",0,10,2,2,0,0,0
"1682",4,30,1,2,2,4,0
"1683",0,15,2,2,0,0,0
"1684",0,0,2,2,0,0,3
"1685",1,20,1,2,2,5,0
"1686",0,30,2,2,0,0,0
"1687",0,0,2,2,0,0,1
"1688",0,15,2,2,0,0,0
"1689",2,30,1,2,2,3,0
"1690",3,45,1,2,2,4,0
"1691",0,20,2,2,0,0,0
"1692",5,30,1,2,2,1,0
"1693",0,0,0,0,0,0,0
"1694",1,30,1,2,2,4,0
"1695",0,25,2,2,0,0,0
"1696",0,15,2,2,0,0,0
"1697",2,30,1,2,2,4,0
"1698",0,0,2,2,0,0,1
"1699",1,45,1,2,2,5,0
"1700",0,10,2,2,0,0,0
"1701",1,30,1,2,2,5,0
"1702",0,0,2,2,0,0,2
"1703",2,15,1,2,2,4,0
"1704",4,240,1,2,2,4,0
"1705",6,60,1,2,2,4,0
"1706",0,30,2,2,0,0,0
"1707",3,30,1,2,2,2,0
"1708",2,30,1,2,2,4,0
"1709",0,30,2,2,0,0,0
"1710",0,60,2,2,0,0,0
"1711",2,40,1,2,2,1,0
"1712",4,50,1,2,2,3,0
"1713",1,60,1,2,2,4,0
"1714",0,60,2,1,0,0,0
"1715",4,120,1,1,2,4,0
"1716",0,0,2,2,0,0,3
"1717",0,60,2,2,0,0,0
"1718",0,15,2,2,0,0,0
"1719",5,30,1,2,2,3,0
"1720",0,60,2,2,0,0,0
"1721",5,360,1,2,1,1,0
"1722",2,60,1,2,2,1,0
"1723",8,60,1,2,2,2,0
"1724",4,60,1,2,2,4,0
"1725",1,30,1,2,2,4,0
"1726",1,60,1,2,2,3,0
"1727",2,30,1,2,2,1,0
"1728",3,30,1,2,2,4,0
"1729",2,30,1,2,2,4,0
"1730",11,40,1,2,2,4,0
"1731",2,30,1,2,2,1,0
"1732",0,30,2,2,0,0,0
"1733",20,60,1,2,2,4,0
"1734",1,30,1,2,2,4,0
"1735",2,90,1,2,2,4,0
"1736",0,30,2,2,0,0,0
"1737",2,60,1,2,2,4,0
"1738",0,0,2,2,0,0,2
"1739",2,15,1,2,2,4,0
"1740",0,0,2,2,0,0,3
"1741",6,30,1,2,1,1,0
"1742",2,25,1,2,2,3,0
"1743",2,120,1,2,1,1,0
"1744",0,15,2,2,0,0,0
"1745",2,60,1,2,1,2,0
"1746",4,45,1,2,1,1,0
"1747",4,60,1,2,2,3,0
"1748",0,20,2,2,0,0,0
"1749",2,30,1,2,2,4,0
"1750",0,0,2,2,0,0,1
"1751",4,20,1,2,1,3,0
"1752",1,25,1,2,2,5,0
"1753",1,20,1,2,2,5,0
"1754",0,30,2,2,0,0,0
"1755",2,40,1,2,2,1,0
"1756",0,0,2,2,0,0,1
"1757",3,20,1,2,2,5,0
"1758",0,0,2,2,0,0,1
"1759",1,35,1,2,2,5,0
"1760",1,60,1,2,2,5,0
"1761",2,30,1,2,2,3,0
"1762",4,30,1,2,2,5,0
"1763",0,0,0,0,0,0,0
"1764",2,40,1,2,1,1,0
"1765",1,30,1,2,2,5,0
"1766",6,30,1,2,2,5,0
"1767",0,0,2,2,0,0,1
"1768",2,20,1,2,2,4,0
"1769",1,30,1,2,2,5,0
"1770",2,60,1,2,2,5,0
"1771",0,30,2,2,0,0,0
"1772",0,30,2,2,0,0,0
"1773",2,20,1,2,2,5,0
"1774",0,0,2,2,0,0,1
"1775",0,0,2,2,0,0,1
"1776",0,15,2,2,0,0,0
"1777",1,30,1,2,2,5,0
"1778",0,30,2,2,0,0,0
"1779",0,0,0,0,0,0,0
"1780",1,30,1,2,2,1,0
"1781",0,30,2,2,0,0,0
"1782",12,180,1,2,2,4,0
"1783",0,0,0,0,0,0,0
"1784",3,30,1,2,1,1,0
"1785",0,0,2,2,0,0,3
"1786",1,15,1,2,2,4,0
"1787",0,10,2,2,0,0,0
"1788",6,3,1,2,2,6,0
"1789",4,30,1,2,1,1,0
"1790",0,1,2,2,0,0,0
"1791",0,0,2,2,0,0,3
"1792",1,20,1,2,2,5,0
"1793",0,15,2,1,0,0,0
"1794",0,0,0,0,0,0,0
"1795",0,60,2,2,0,0,0
"1796",0,35,2,2,0,0,0
"1797",0,10,2,2,0,0,0
"1798",1,30,1,2,2,5,0
"1799",4,20,1,2,2,6,0
"1800",0,0,2,2,0,0,6
"1801",0,60,2,2,0,0,0
"1802",0,30,2,2,0,0,0
"1803",4,120,1,2,2,1,0
"1804",2,30,1,2,2,3,0
"1805",2,40,1,2,2,4,0
"1806",0,0,2,2,0,0,1
"1807",0,10,2,2,0,0,0
"1808",0,0,2,2,0,0,3
"1809",0,20,2,2,0,0,0
"1810",4,30,1,2,2,2,0
"1811",0,0,2,2,0,0,3
"1812",0,15,2,2,0,0,0
"1813",0,30,2,2,0,0,0
"1814",0,30,2,2,0,0,0
"1815",0,20,2,2,0,0,0
"1816",0,45,2,2,0,0,0
"1817",0,0,2,2,0,0,3
"1818",0,0,2,2,0,0,3
"1819",0,20,2,2,0,0,0
"1820",0,20,2,2,0,0,0
"1821",8,180,1,2,2,4,0
"1822",0,60,2,2,0,0,0
"1823",0,0,2,2,0,0,1
"1824",0,0,2,2,0,0,4
"1825",0,0,2,2,0,0,3
"1826",0,0,0,0,0,0,0
"1827",0,0,2,2,0,0,4
"1828",1,20,1,2,2,5,0
"1829",0,0,2,2,0,0,3
"1830",2,30,1,2,2,3,0
"1831",2,30,1,1,1,2,0
"1832",10,60,1,2,2,1,0
"1833",0,20,2,1,0,0,0
"1834",4,30,1,2,2,3,0
"1835",4,45,1,2,2,4,0
"1836",12,60,1,2,2,3,0
"1837",0,30,2,2,0,0,0
"1838",0,120,2,2,0,0,0
"1839",1,30,1,2,2,5,0
"1840",1,15,1,2,2,4,0
"1841",3,40,1,2,2,4,0
"1842",0,0,2,2,0,0,3
"1843",0,0,2,2,0,0,3
"1844",0,15,2,2,0,0,0
"1845",1,10,1,2,2,1,0
"1846",1,60,1,2,2,5,0
"1847",1,10,1,2,2,4,0
"1848",0,20,2,2,0,0,0
"1849",0,0,2,2,0,0,3
"1850",3,30,1,2,2,4,0
"1851",3,30,1,1,2,4,0
"1852",1,30,1,2,2,3,0
"1853",0,0,0,0,0,0,0
"1854",1,15,1,2,2,5,0
"1855",0,60,2,1,0,0,0
"1856",0,30,2,2,0,0,0
"1857",0,20,2,2,0,0,0
"1858",2,30,1,1,2,4,0
"1859",0,10,2,2,0,0,0
"1860",4,120,1,2,2,4,0
"1861",3,30,1,2,1,4,0
"1862",0,20,2,2,0,0,0
"1863",2,30,1,2,2,1,0
"1864",0,0,2,2,0,0,1
"1865",0,30,2,2,0,0,0
"1866",3,30,1,2,2,4,0
"1867",0,30,2,2,0,0,0
"1868",0,0,2,2,0,0,3
"1869",0,10,2,2,0,0,0
"1870",0,60,2,2,0,0,0
"1871",0,0,2,2,0,0,3
"1872",1,15,1,2,2,3,0
"1873",0,10,2,2,0,0,0
"1874",4,60,1,2,2,4,0
"1875",3,20,1,2,1,3,0
"1876",2,60,1,2,2,4,0
"1877",0,60,2,2,0,0,0
"1878",0,0,2,2,0,0,5
"1879",2,60,1,2,2,4,0
"1880",0,30,2,2,0,0,0
"1881",0,30,2,2,0,0,0
"1882",0,0,2,2,0,0,3
"1883",0,0,2,2,0,0,3
"1884",1,15,1,2,2,5,0
"1885",0,10,2,2,0,0,0
"1886",1,15,1,2,2,1,0
"1887",0,0,0,0,0,0,0
"1888",1,60,1,2,2,5,0
"1889",0,0,2,2,0,0,2
"1890",0,20,2,2,0,0,0
"1891",0,0,2,2,0,0,1
"1892",0,0,2,2,0,0,5
"1893",0,0,2,2,0,0,3
"1894",0,0,2,2,0,0,3
"1895",0,10,2,2,0,0,0
"1896",0,15,2,2,0,0,0
"1897",0,60,2,1,0,0,0
"1898",0,0,2,2,0,0,3
"1899",0,30,2,1,0,0,0
"1900",0,10,2,2,0,0,0
"1901",0,35,2,2,0,0,0
"1902",0,10,2,2,0,0,0
"1903",0,60,2,2,0,0,0
"1904",0,15,2,2,0,0,0
"1905",0,5,2,2,0,0,0
"1906",1,15,1,2,2,3,0
"1907",0,15,2,2,0,0,0
"1908",1,10,1,2,2,5,0
"1909",0,30,2,2,0,0,0
"1910",1,20,1,2,2,5,0
"1911",0,60,2,2,0,0,0
"1912",0,20,2,2,0,0,0
"1913",0,10,2,2,0,0,0
"1914",2,60,1,2,2,3,0
"1915",0,10,2,2,0,0,0
"1916",0,30,2,2,0,0,0
"1917",0,60,2,2,0,0,0
"1918",3,30,1,2,2,4,0
"1919",0,10,2,2,0,0,0
"1920",0,30,2,2,0,0,0
"1921",1,10,1,1,2,3,0
"1922",0,30,2,2,0,0,0
"1923",0,0,2,2,0,0,1
"1924",4,60,1,2,2,1,0
"1925",0,20,2,2,0,0,0
"1926",2,30,1,2,2,3,0
"1927",1,20,1,2,2,4,0
"1928",0,30,2,1,0,0,0
"1929",0,10,2,2,0,0,0
"1930",0,10,2,2,0,0,0
"1931",0,60,2,2,0,0,0
"1932",1,15,1,2,2,4,0
"1933",0,10,2,2,0,0,0
"1934",3,20,1,2,2,1,0
"1935",0,30,2,2,0,0,0
"1936",1,120,1,2,2,4,0
"1937",0,20,2,2,0,0,0
"1938",2,15,1,2,2,4,0
"1939",0,30,2,2,0,0,0
"1940",20,60,1,2,2,3,0
"1941",15,240,1,2,1,4,0
"1942",0,30,2,2,0,0,0
"1943",1,15,1,2,2,4,0
"1944",1,20,1,2,2,3,0
"1945",3,45,1,2,2,3,0
"1946",3,60,1,2,2,3,0
"1947",0,120,2,2,0,0,0
"1948",0,0,2,2,0,0,3
"1949",1,20,1,2,2,3,0
"1950",10,60,1,2,2,3,0
"1951",0,0,2,2,0,0,3
"1952",3,120,1,2,1,3,0
"1953",0,10,2,2,0,0,0
"1954",3,20,1,2,2,4,0
"1955",4,30,1,2,2,1,0
"1956",3,15,1,2,2,3,0
"1957",2,30,1,2,2,4,0
"1958",0,20,2,1,0,0,0
"1959",1,30,1,2,1,2,0
"1960",2,10,1,2,1,4,0
"1961",1,10,1,2,2,4,0
"1962",0,20,2,2,0,0,0
"1963",1,15,1,1,2,4,0
"1964",2,60,1,2,2,2,0
"1965",6,120,1,2,2,2,0
"1966",3,20,1,2,2,4,0
"1967",1,20,1,2,2,5,0
"1968",0,0,2,2,0,0,1
"1969",3,15,1,2,2,3,0
"1970",0,0,2,2,0,0,3
"1971",4,120,1,2,2,4,0
"1972",2,10,1,1,2,2,0
"1973",0,10,2,2,0,0,0
"1974",6,180,1,2,2,4,0
"1975",0,0,2,2,0,0,3
"1976",6,60,1,1,2,4,0
"1977",2,20,1,1,2,4,0
"1978",1,30,1,2,2,4,0
"1979",7,120,1,2,2,2,0
"1980",1,60,1,2,2,3,0
